{
  "version": "1.0.0",
  "trainedAt": "2026-05-31T04:25:41.411Z",
  "trainSize": 2543,
  "validSize": 636,
  "priors": {
    "result": {
      "home": 0.4121116791191506,
      "draw": 0.09594966574911522,
      "away": 0.4919386551317342
    },
    "score": {
      "home": 3.404640188753441,
      "away": 3.460872984663783
    }
  },
  "leagues": {
    "fc 26. 5x5 rush. superligue": {
      "n": 166,
      "result": {
        "home": 0.4036144578313253,
        "draw": 0.13855421686746988,
        "away": 0.4578313253012048
      },
      "score": {
        "home": 3.63855421686747,
        "away": 3.8734939759036147
      }
    },
    "fc 25. champions league": {
      "n": 100,
      "result": {
        "home": 0.39,
        "draw": 0.22,
        "away": 0.39
      },
      "score": {
        "home": 1.67,
        "away": 1.68
      }
    },
    "fc 24. 4x4. championnat d'angleterre": {
      "n": 154,
      "result": {
        "home": 0.38961038961038963,
        "draw": 0.1038961038961039,
        "away": 0.5064935064935064
      },
      "score": {
        "home": 7.285714285714286,
        "away": 7.779220779220779
      }
    },
    "fc 25. 3x3. ligue de conférence": {
      "n": 245,
      "result": {
        "home": 0.45714285714285713,
        "draw": 0.10204081632653061,
        "away": 0.44081632653061226
      },
      "score": {
        "home": 7.522448979591837,
        "away": 7.351020408163265
      }
    },
    "fc 26. champions league": {
      "n": 110,
      "result": {
        "home": 0.37272727272727274,
        "draw": 0.19090909090909092,
        "away": 0.43636363636363634
      },
      "score": {
        "home": 1.7545454545454546,
        "away": 1.9181818181818182
      }
    },
    "fc 25. championnat d'angleterre": {
      "n": 102,
      "result": {
        "home": 0.39215686274509803,
        "draw": 0.13725490196078433,
        "away": 0.47058823529411764
      },
      "score": {
        "home": 1.3235294117647058,
        "away": 1.4705882352941178
      }
    },
    "fc 26. championnat du monde": {
      "n": 112,
      "result": {
        "home": 0.35714285714285715,
        "draw": 0.26785714285714285,
        "away": 0.375
      },
      "score": {
        "home": 1.4375,
        "away": 1.4910714285714286
      }
    },
    "fc 25. championnat d'espagne": {
      "n": 98,
      "result": {
        "home": 0.3673469387755102,
        "draw": 0.19387755102040816,
        "away": 0.4387755102040816
      },
      "score": {
        "home": 1.5918367346938775,
        "away": 1.7755102040816326
      }
    },
    "fc25. penalty": {
      "n": 358,
      "result": {
        "home": 0.49162011173184356,
        "draw": 0,
        "away": 0.5083798882681564
      },
      "score": {
        "home": 3.7541899441340782,
        "away": 3.5335195530726256
      }
    },
    "fc24. penalty": {
      "n": 272,
      "result": {
        "home": 0.3382352941176471,
        "draw": 0,
        "away": 0.6617647058823529
      },
      "score": {
        "home": 3.761029411764706,
        "away": 4.1213235294117645
      }
    },
    "fc 25. ligue européenne": {
      "n": 105,
      "result": {
        "home": 0.2857142857142857,
        "draw": 0.21904761904761905,
        "away": 0.49523809523809526
      },
      "score": {
        "home": 1.438095238095238,
        "away": 1.8666666666666667
      }
    },
    "penalty": {
      "n": 463,
      "result": {
        "home": 0.4773218142548596,
        "draw": 0,
        "away": 0.5226781857451404
      },
      "score": {
        "home": 2.6220302375809936,
        "away": 2.488120950323974
      }
    },
    "fc 25. italy championship": {
      "n": 104,
      "result": {
        "home": 0.375,
        "draw": 0.25,
        "away": 0.375
      },
      "score": {
        "home": 1.5288461538461537,
        "away": 1.5384615384615385
      }
    },
    "fc 25. championnat d'allemagne": {
      "n": 99,
      "result": {
        "home": 0.32323232323232326,
        "draw": 0.25252525252525254,
        "away": 0.42424242424242425
      },
      "score": {
        "home": 1.6262626262626263,
        "away": 1.7171717171717171
      }
    },
    "fifa23. penalty": {
      "n": 20,
      "result": {
        "home": 0.35,
        "draw": 0,
        "away": 0.65
      },
      "score": {
        "home": 6.05,
        "away": 6.25
      }
    },
    "fc26. penalty": {
      "n": 35,
      "result": {
        "home": 0.45714285714285713,
        "draw": 0,
        "away": 0.5428571428571428
      },
      "score": {
        "home": 2.9714285714285715,
        "away": 2.857142857142857
      }
    }
  },
  "segments": {
    "fc26_penalty": {
      "n": 423,
      "result": {
        "home": 0.3877068557919622,
        "draw": 0.17494089834515367,
        "away": 0.4373522458628842
      },
      "score": {
        "home": 2.5106382978723403,
        "away": 2.6501182033096926
      }
    },
    "fc25_penalty": {
      "n": 1211,
      "result": {
        "home": 0.4161849710982659,
        "draw": 0.12716763005780346,
        "away": 0.45664739884393063
      },
      "score": {
        "home": 3.398843930635838,
        "away": 3.3724194880264244
      }
    },
    "fc24_penalty": {
      "n": 426,
      "result": {
        "home": 0.3568075117370892,
        "draw": 0.03755868544600939,
        "away": 0.6056338028169014
      },
      "score": {
        "home": 5.035211267605634,
        "away": 5.443661971830986
      }
    },
    "global_penalty": {
      "n": 483,
      "result": {
        "home": 0.4720496894409938,
        "draw": 0,
        "away": 0.5279503105590062
      },
      "score": {
        "home": 2.7639751552795033,
        "away": 2.6438923395445135
      }
    }
  },
  "teams": {
    "lombardia": {
      "n": 48,
      "for": 2.5416666666666665,
      "against": 1.9375
    },
    "psv eindhoven": {
      "n": 28,
      "for": 2.3214285714285716,
      "against": 3.3214285714285716
    },
    "arsenal": {
      "n": 349,
      "for": 3.383954154727794,
      "against": 3.2722063037249285
    },
    "lille osc": {
      "n": 35,
      "for": 5.9714285714285715,
      "against": 5.914285714285715
    },
    "nottingham forest": {
      "n": 25,
      "for": 5,
      "against": 5.92
    },
    "manchester united": {
      "n": 33,
      "for": 5.363636363636363,
      "against": 3.606060606060606
    },
    "anderlecht": {
      "n": 44,
      "for": 5.886363636363637,
      "against": 5.659090909090909
    },
    "fiorentine": {
      "n": 41,
      "for": 6.609756097560975,
      "against": 6
    },
    "chelsea": {
      "n": 74,
      "for": 5.337837837837838,
      "against": 4.986486486486487
    },
    "club atlético de madrid": {
      "n": 47,
      "for": 2.4680851063829787,
      "against": 2.425531914893617
    },
    "borussia monchengladbach": {
      "n": 40,
      "for": 5.925,
      "against": 6.35
    },
    "olympique lyonnais": {
      "n": 23,
      "for": 2.0869565217391304,
      "against": 2.5217391304347827
    },
    "barcelone": {
      "n": 290,
      "for": 3.113793103448276,
      "against": 2.996551724137931
    },
    "porto": {
      "n": 26,
      "for": 3.076923076923077,
      "against": 2.923076923076923
    },
    "juventus": {
      "n": 197,
      "for": 3.4213197969543145,
      "against": 3.532994923857868
    },
    "morocco": {
      "n": 12,
      "for": 1.25,
      "against": 1.5
    },
    "états-unis": {
      "n": 14,
      "for": 1.3571428571428572,
      "against": 1.4285714285714286
    },
    "bournemouth": {
      "n": 22,
      "for": 4.7272727272727275,
      "against": 5.545454545454546
    },
    "liverpool": {
      "n": 365,
      "for": 3.452054794520548,
      "against": 3.282191780821918
    },
    "napoli": {
      "n": 22,
      "for": 2.4545454545454546,
      "against": 2.5
    },
    "las palmas": {
      "n": 10,
      "for": 1.4,
      "against": 1.6
    },
    "villarreal": {
      "n": 43,